--create database w3resource
--create table salesman (salesman_id int, name varchar(20), city varchar(20), commission decimal(4,3))
/*
insert into salesman values 
(5001, 'James Hoog', 'New York', 0.15),
(5002, 'Nail Knite', 'Paris', 0.13),
(5005, 'Pit Alex', 'London', 0.11),
(5006, 'Mc Lyon', 'Paris', 0.14),
(5007, 'Paul Adam', 'Rome', 0.13),
(5003, 'Lauson Hen', 'San Jose', 0.12)
*/

--alter table salesman 
--alter column commission decimal(4,2)

--select * from salesman

/*
create table orders 
(ord_no int,
purch_amt decimal(6,2),
ord_date date,
customer_id int,
salesman_id int)
*/

/*
insert into orders values 
(70001, 150.5, '2012-10-05', 3005, 5002),
(70009, 270.65, '2012-09-10', 3001, 5005),
(70002, 65.26, '2012-10-05', 3002, 5001),
(70004, 110.5, '2012-08-17', 3009, 5003),
(70007, 948.5, '2012-09-10', 3005, 5002),
(70005, 2400.6, '2012-07-27', 3007, 5001),
(70008, 5760, '2012-09-10', 3002, 5001),
(70010, 1983.43, '2012-10-10', 3004, 5006),
(70003, 2480.4, '2012-10-10', 3009, 5003),
(70012, 250.45, '2012-06-27', 3008, 5002),
(70011, 75.29, '2012-08-17', 3003, 5007),
(70013, 3045.6, '2012-04-25', 3002, 5001)
*/

--select * from orders

--create table customer (customer_id int, cust_name varchar(20), city varchar(20), grade int, salesman_id int)

/*
insert into customer values 
(3002, 'Nick Rimando', 'New York', 100, 5001),
(3007, 'Brad Davis', 'New York', 200, 5001),
(3005, 'Graham Zusi', 'California', 200, 5002),
(3008, 'Julian Green', 'London', 300, 5002),
(3004, 'Fabian Johnson', 'Paris', 300, 5006),
(3009, 'Geoff Cameron', 'Berlin', 100, 5003),
(3003, 'Jozy Altidor', 'Moscow', 200, 5007),
(3001, 'Brad Guzan', 'London', NULL, 5005)
*/

--select * from customer

--create table nobel_win (year int, subject varchar(10), winner varchar(20), country varchar(14), category varchar(14))

--alter table nobel_win
--alter column subject varchar(20)

--alter table nobel_win
--alter column winner varchar(24)

/*
insert into nobel_win values 
(1970, 'Physics', 'Hannes Alfven', 'Sweden', 'Scientist'),
(1970, 'Physics', 'Louis Neel', 'France', 'Scientist'),
(1970, 'Chemistry', 'Luis Federico Leloir', 'France', 'Scientist'),
(1970, 'Physiology', 'Ulf von Euler', 'Sweden', 'Scientist'),
(1970, 'Physiology', 'Bernard Katz', 'Germany', 'Scientist'),
(1970, 'Literature', 'Aleksandr Solzhenitsyn', 'Russia', 'Linguist'),
(1970, 'Economics', 'Paul Samuelson', 'USA', 'Economist'),
(1970, 'Physiology', 'Julius Axelrod', 'USA', 'Scientist'),
(1971, 'Physics', 'Dennis Gabor', 'Hungary', 'Scientist'),
(1971, 'Chemistry', 'Gerhard Herzberg', 'Germany', 'Scientist'),
(1971, 'Peace', 'Willy Brandt', 'Germany', 'Chancellor'),
(1971, 'Literature', 'Pablo Neruda', 'Chile', 'Linguist'),
(1971, 'Economics', 'Simon Kuznets', 'Russia', 'Economist'),
(1978, 'Peace', 'Anwar al-Sadat', 'Egypt', 'President'),
(1978, 'Peace', 'Menachem Begin', 'Israel', 'Prime Minister'),
(1987, 'Chemistry', 'Donald J. Cram', 'USA', 'Scientist'),
(1987, 'Chemistry', 'Jean-Marie Lehn', 'France', 'Scientist'),
(1987, 'Physiology', 'Susumu Tonegawa', 'Japan', 'Scientist'),
(1994, 'Economics', 'Reinhard Selten', 'Germany', 'Economist'),
(1994, 'Peace', 'Yitzhak Rabin', 'Israel', 'Prime Minister'),
(1987, 'Physics', 'Johannes Georg Bednorz', 'Germany', 'Scientist'),
(1987, 'Literature', 'Joseph Brodsky', 'Russia', 'Linguist'),
(1987, 'Economics', 'Robert Solow', 'USA', 'Economist'),
(1994, 'Literature', 'Kenzaburo Oe', 'Japan', 'Linguist')
*/

--select * from nobel_win 


--create table item_mast (pro_id int, pro_name varchar(20), pro_price decimal(6,2), pro_com int)

/*
insert into item_mast values 
(101, 'Mother Board', 3200.00, 15),
(102, 'Key Board', 450.00, 16),
(103, 'ZIP drive', 250.00, 14),
(104, 'Speaker', 550.00, 16),
(105, 'Monitor', 5000.00, 11),
(106, 'DVD drive', 900.00, 12),
(107, 'CD drive', 800.00, 12),
(108, 'Printer', 2600.00, 13),
(109, 'Refill cartridge', 350.00, 13),
(110, 'Mouse', 250.00, 12)
*/

--select * from item_mast

--create table emp_details (EMP_IDNO int, EMP_FNAME varchar(10), EMP_LNAME varchar(10), EMP_DEPT int)

/*
insert into emp_details values 
(127323, 'Michale', 'Robbin', 57),
(526689, 'Carlos', 'Snares', 63),
(843795, 'Enric', 'Dosio', 57),
(328717, 'Jhon', 'Snares', 63),
(444527, 'Joseph', 'Dosni', 47),
(659831, 'Zanifer', 'Emily', 47),
(847674, 'Kuleswar', 'Sitaraman', 57),
(748681, 'Henrey', 'Gabriel', 47),
(555935, 'Alex', 'Manuel', 57),
(539569, 'Georgo', 'Mardy', 27),
(733843, 'Mario', 'Sauele', 63),
(631139, 'Alan', 'Snappy', 27),
(839139, 'Maria', 'Foster', 57)
*/

--select * from emp_details

/*
create table employees 
(EMPLOYEE_ID int identity(100,1),
FIRST_NAME varchar(14),
LAST_NAME varchar(14),
EMAIL varchar(20),
PHONE_NUMBER varchar(14),
HIRE_DATE date,
JOB_ID varchar(14),
SALARY decimal(7,2),
COMMISSION_PCT decimal(3,2),
MANAGER_ID int,
DEPARTMENT_ID int)
*/

--alter table employees
--alter column PHONE_NUMBER varchar(20)
--select * from employees


--insert into employees values 
--('Steven', 'King', 'SKING', '515.123.4567', '2003-06-17', 'AD_PRES', 24000.00, 0.00, 0, 90),
--('Neena', 'Kochhar', 'NKOCHHAR', '515.123.4568', '2005-09-21', 'AD_VP', 17000.00, 0.00, 100, 90),
--('Lex', 'De Haan', 'LDEHAAN', '515.123.4569', '2001-01-13', 'AD_VP', 17000.00, 0.00, 100, 90),
--('Alexander', 'Hunold', 'AHUNOLD', '590.423.4567', '2006-01-03', 'IT_PROG', 9000.00, 0.00, 102, 60),
--('Bruce', 'Ernst', 'BERNST', '590.423.4568', '2007-05-21', 'IT_PROG', 6000.00, 0.00, 103, 60),
--('David', 'Austin', 'DAUSTIN', '590.423.4569', '2005-06-25', 'IT_PROG', 4800.00, 0.00, 103, 60),
--('Valli', 'Pataballa', 'VPATABAL', '590.423.4560', '2006-02-05', 'IT_PROG', 4800.00, 0.00, 103, 60),
--('Diana', 'Lorentz', 'DLORENTZ', '590.423.5567', '2007-02-07', 'IT_PROG', 4200.00, 0.00, 103, 60),
--('Nancy', 'Greenberg', 'NGREENBE', '515.124.4569', '2002-08-17', 'FI_MGR', 12008.00, 0.00, 101, 100),
--('Daniel', 'Faviet', 'DFSVIET', '515.124.4169', '2002-08-16', 'FI_ACCOUNT', 9000.00, 0.00, 108, 100),
--('John', 'Chen', 'JCHEN', '515.124.4269', '2005-09-28', 'FI_ACCOUNT', 8200.00, 0.00, 108, 100),
--('Ismael', 'Sciarra', 'ISCIARRA', '515.124.4369', '2005-09-30', 'FI_ACCOUNT', 7700.00, 0.00, 108, 100),
--('Jose Manuel', 'Urman', 'JMURMAN', '515.124.4469', '2006-03-07', 'FI_ACCOUNT', 7800.00, 0.00, 108, 100),
--('Luis', 'Popp', 'LPOPP', '515.124.4567', '2007-12-07', 'FI_ACCOUNT', 6900.00, 0.00, 108, 100),
--('Den', 'Raphaely', 'DRAPHEAL', '515.127.4561', '2002-12-07', 'PU_MAN', 11000.00, 0.00, 100, 30),
--('Alexander', 'Khoo', 'AKHOO', '515.127.4562', '2003-05-18', 'PU_CLERK', 3100.00, 0.00, 114, 30),
--('Shelli', 'Baida', 'SBAIDA', '515.127.4563', '2005-12-24', 'PU_CLERK', 2900.00, 0.00, 114, 30),
--('Sigal', 'Tobias', 'STOBIAS', '515.127.4564', '2005-07-24', 'PU_CLERK', 2800.00, 0.00, 114, 30),
--('Guy', 'Himuro', 'GHIMURO', '515.127.4565', '2006-11-15', 'PU_CLERK', 2600.00, 0.00, 114, 30),
--('Karen', 'Colmenares', 'KCOLMENA', '515.127.4566', '2007-08-10', 'PU_CLERK', 2500.00, 0.00, 114, 30),
--('Matthew', 'Weiss', 'MWEISS', '650.123.1234', '2004-07-18', 'ST_MAN', 8000.00, 0.00, 100, 50),
--('Adam', 'Fripp', 'AFRIPP', '650.123.2234', '2005-04-10', 'ST_MAN', 8200.00, 0.00, 100, 50),
--('Payam', 'Kaufling', 'Pkauflin', '650.123.3234', '2003-05-01', 'ST_MAN', 7900.00, 0.00, 100, 50),
--('Shanta', 'Vollman', 'SVOLLMAN', '650.123.4234', '2005-10-10', 'ST_MAN', 6500.00, 0.00, 100, 50),
--('Kevin', 'Mourgos', 'KMOURGOS', '650.123.5234', '2007-11-16', 'ST_MAN', 5800.00, 0.00, 100, 50),
--('Julia', 'Nayer', 'JNAYER', '650.124.1214', '2005-07-16', 'ST_CLERK', 3200.00, 0.00, 120, 50),
--('Irene', 'Mikkilineni', 'IMIKKILI', '650.124.1224', '2006-09-28', 'ST_CLERK', 2700.00, 0.00, 120, 50),
--('James', 'Landry', 'JLANDRY', '650.124.1334', '2007-01-14', 'ST_CLERK', 2400.00, 0.00, 120, 50),
--('Steven', 'Markle', 'SMARKLE', '650.124.1434', '2008-03-08', 'ST_CLERK', 2200.00, 0.00, 120, 50),
--('Laura', 'Bissot', 'LBISSOT', '650.124.5234', '2005-08-20', 'ST_CLERK', 3300.00, 0.00, 121, 50),
--('Mozhe', 'Atkinson', 'MATKINSO', '650.124.6234', '2005-10-30', 'ST_CLERK', 2800.00, 0.00, 121, 50),
--('James', 'Marlow', 'JAMRLOW', '650.124.7234', '2005-02-16', 'ST_CLERK', 2500.00, 0.00, 121, 50),
--('TJ', 'Olson', 'TJOLSON', '650.124.8234', '2007-04-10', 'ST_CLERK', 2100.00, 0.00, 121, 50),
--('Jason', 'Mallin', 'JMALLIN', '650.127.1934', '2004-06-14', 'ST_CLERK', 3300.00, 0.00, 122, 50),
--('Michael', 'Rogers', 'MROGERS', '650.127.1834', '2006-08-26', 'ST_CLERK', 2900.00, 0.00, 122, 50),
--('Ki', 'Gee', 'KGEE', '650.127.1734', '2007-12-12', 'ST_CLERK', 2400.00, 0.00, 122, 50),
--('Hazel', 'Philtanker', 'HPHILTAN', '650.127.1634', '2008-02-06', 'ST_CLERK', 2200.00, 0.00, 122, 50),
--('Renske', 'Ladwig', 'RLADWIG', '650.121.1234', '2003-07-14', 'ST_CLERK', 3600.00, 0.00, 123, 50),
--('Stephen', 'Stiles', 'SSTILES', '650.121.2034', '2005-10-26', 'ST_CLERK', 3200.00, 0.00, 123, 50),
--('John', 'Seo', 'JSEO', '650.121.2019', '2006-02-12', 'ST_CLERK', 2700.00, 0.00, 123, 50),
--('Joshua', 'Patel', 'JPATEL', '650.121.1834', '2006-04-06', 'ST_CLERK', 2500.00, 0.00, 123, 50),
--('Trenna', 'Rajs', 'TRAJS', '650.121.8009', '2003-10-17', 'ST_CLERK', 3500.00, 0.00, 124, 50),
--('Curtis', 'Davies', 'CDAVIES', '650.121.2994', '2005-01-29', 'ST_CLERK', 3100.00, 0.00, 124, 50),
--('Randall', 'Matos', 'RMATOS', '650.121.2874', '2006-03-15', 'ST_CLERK', 2600.00, 0.00, 124, 50),
--('Peter', 'Vargas', 'PVARGAS', '650.121.2004', '2006-07-09', 'ST_CLERK', 2500.00, 0.00, 124, 50),
--('John', 'Russell', 'JRUSSELL', '011.44.1344.429268', '2004-10-01', 'SA_MAN', 14000.00, 0.40, 100, 80),
--('Karen', 'Partners', 'KPARTNER', '011.44.1344.467268', '2005-01-05', 'SA_MAN', 13500.00, 0.30, 100, 80),
--('Alberto', 'Errazuriz', 'AERRAZUR', '011.44.1344.429278', '2005-03-10', 'SA_MAN', 12000.00, 0.30, 100, 80),
--('Gerald', 'Cambrault', 'GCAMBRAU', '011.44.1344.619268', '2007-10-15', 'SA_MAN', 11000.00, 0.30, 100, 80),
--('Eleni', 'Zlotkey', 'EZLOTKEY', '011.44.1344.429018', '2008-01-29', 'SA_MAN', 10500.00, 0.20, 100, 80),
--('Peter', 'Tucker', 'PTUCKER', '011.44.1344.129268', '2005-01-30', 'SA_REP', 10000.00, 0.30, 145, 80),
--('David', 'Bernstein', 'DBERNSTE', '011.44.1344.345268', '2005-03-24', 'SA_REP', 9500.00, 0.25, 145, 80),
--('Peter', 'Hall', 'PHALL', '011.44.1344.478968', '2005-08-20', 'SA_REP', 9000, 0.25, 145, 80),
--('Christopher', 'Olsen', 'COLSEN', '011.44.1344.498718', '2006-03-30', 'SA_REP', 8000.00, 0.20, 145, 80),
--('Nanette', 'Cambrault', 'Ncambrau', '011.44.1344.987668', '2006-12-09', 'SA_REP', 7500.00, 0.20, 145, 80),
--('Oliver', 'Tuvault', 'OTUVAULT', '011.44.1344.486508', '2007-11-23', 'SA_REP', 7000.00, 0.15, 145, 80),
--('Janette', 'King', 'JKING', '011.44.1345.429268', '2004-01-30', 'SA_REP', 10000.00, 0.35, 146, 80),
--('Patrick', 'Sully', 'PSULLY', '011.44.1345.929268', '2004-03-04', 'SA_REP', 9500.00, 0.35, 146, 80),
--('Allan', 'McEwen', 'AMCEWEN', '011.44.1345.829268', '2004-08-01', 'SA_REP', 9000.00, 0.35, 146, 80),
--('Lindsey', 'Smith', 'LSMITH', '011.44.1345.729268', '2005-03-10', 'SA_REP', 8000.00, 0.30, 146, 80),
--('Louise', 'Doran', 'LDORAN', '011.44.1345.629268', '2005-12-15', 'SA_REP', 7500.00, 0.30, 146, 80),
--('Sarath', 'Sewall', 'SSEWALL', '011.44.1345.529268', '2006-11-03', 'SA_REP', 7000.00, 0.25, 146,80),
--('Clara', 'Vishney', 'CVISHNEY', '011.44.1346.129268', '2005-11-11', 'SA_REP', 10500.00, 0.25, 147, 80),
--('Danielle', 'Greene', 'DGEENE', '011.44.1346.229268', '2007-03-19', 'SA_REP', 9500.00, 0.15, 147, 80),
--('Mattea', 'Marvins', 'MMARVINS', '011.44.1346.329268', '2008-01-24', 'SA_REP', 7200.00, 0.10, 147, 80),
--('David', 'Lee', 'DLEE', '011.44.1346.529268', '2008-02-23', 'SA_REP', 6800.00, 0.10, 147, 80),
--('Sundar', 'Ande', 'SANDE', '011.44.1346.629268', '2008-03-24', 'SA_REP', 6400.00, 0.10, 147, 80),
--('Amit', 'Banda', 'ABANDA', '011.44.1346.729268', '2008-04-21', 'SA_REP', 6200.00, 0.10, 147, 80),
--('Lisa', 'Ozer', 'LOZER', '011.44.1343.929268', '2005-03-11', 'SA_REP', 11500.00, 0.25, 148, 80),
--('Harrison', 'Bloom', 'HBLOOM', '011.44.1343.829268', '2006-03-23', 'SA_REP', 10000.00, 0.20, 148, 80),
--('Tayler', 'Fox', 'TFOX', '011.44.1343.729268', '2006-01-24', 'SA_REP', 9600.00, 0.20, 148, 80),
--('William', 'Smith', 'WSMITH', '011.44.1343.629268', '2007-02-23', 'SA_REP', 7400.00, 0.15, 148, 80),
--('Elizabeth', 'Bates', 'EBATES', '011.44.1343.529268', '2007-03-24', 'SA_REP', 7300.00, 0.15, 148, 80),
--('Sundita', 'Kumar', 'SKUMAR', '011.44.1343.329268', '2008-04-21', 'SA_REP', 6100.00, 0.10, 148, 80),
--('Ellen', 'Abel', 'EABEL', '011.44.1644.429267', '2004-05-11', 'SA_REP', 11000.00, 0.30, 149, 80),
--('Alyssa', 'Hutton', 'AHUTTON', '011.44.1644.429266', '2005-03-19', 'SA_REP', 8800.00, 0.25, 149, 80),
--('Jonathon', 'Taylor', 'JTAYLOR', '011.44.1644.429265', '2006-03-24', 'SA_REP', 8600.00, 0.20, 149, 80),
--('Jack', 'Livingston', 'JLIVINGS', '011.44.1644.429264', '2006-04-23', 'SA_REP', 8400.00, 0.20, 149, 80),
--('Kimberely', 'Grant', 'KGRANT', '011.44.1644.429263', '2007-05-24', 'SA_REP', 7000.00, 0.15, 149, 0),
--('Charles', 'Johnson', 'CJOHNSON', '011.44.1644.429262', '2008-01-04', 'SA_REP', 6200.00, 0.10, 149, 80),
--('Winston', 'Taylor', 'WTAYLOR', '650.507.9876', '2006-01-24', 'SH_CLERK', 3200.00, 0.00, 120, 50),
--('Jean', 'Fleaur', 'JFLEAUR', '650.507.9877', '2006-02-23', 'SH_CLERK', 3100.00, 0.00, 120, 50),
--('Martha', 'Sullivan', 'MSULLIVA', '650.507.9878', '2007-06-21', 'SH_CLERK', 2500.00, 0.00, 120, 50),
--('Girard', 'Geoni', 'GGEONI', '650.507.9879', '2008-02-03', 'SH_CLERK', 2800.00, 0.00, 120, 50),
--('Nandita', 'Sarchand', 'NSARCHAN', '650.509.1876', '2004-01-27', 'SH_CLERK', 4200.00, 0.00, 121, 50),
--('Alexis', 'Bull', 'ABULL', '650.509.2876', '2005-02-20', 'SH_CLERK', 4100.00, 0.00, 121, 50),
--('Julia', 'Dellinger', 'JDELLING', '650.509.3876', '2006-06-24', 'SH_CLERK', 3400.00, 0.00, 121, 50),
--('Anthony', 'Cabrio', 'ACABRIO', '650.509.4876', '2007-02-07', 'SH_CLERK', 3000.00, 0.00, 121, 50),
--('Kelly', 'Chung', 'KCHUNG', '650.505.1876', '2005-06-14', 'SH_CLERK', 3800.00, 0.00, 122, 50),
--('Jennifer', 'Dilly', 'JDILLY', '650.505.2876', '2005-08-13', 'SH_CLERK', 3600.00, 0.00, 122, 50),
--('Timothy', 'Gates', 'TGATES', '650.505.3876', '2006-07-11', 'SH_CLERK', 2900.00, 0.00, 122, 50),
--('Randall', 'Perkins', 'RPERKINS', '650.505.4876', '2007-12-19', 'SH_CLERK', 2500.00, 0.00, 122, 50),
--('Sarah', 'Bell', 'SBELL', '650.501.1876', '2004-02-04', 'SH_CLERK', 4000.00, 0.00, 123, 50),
--('Britney', 'Everett', 'BEVERETT', '650.501.2876', '2005-03-03', 'SH_CLERK', 3900.00, 0.00, 123, 50),
--('Samuel', 'McCain', 'SMCCAIN', '650.501.3876', '2006-07-01', 'SH_CLERK', 3200.00, 0.00, 123, 50),
--('Vance', 'Jones', 'VJONES', '650.501.4876', '2007-03-17', 'SH_CLERK', 2800.00, 0.00, 123, 50),
--('Alana', 'Walsh', 'AWALSH', '650.507.9811', '2006-04-24', 'SH_CLERK', 3100.00, 0.00, 124, 50),
--('Kevin', 'Feenay', 'KFEENAY', '650.507.9822', '2006-05-23', 'SH_CLERK', 3000.00, 0.00, 124, 50),
--('Donald', 'OConell', 'DOCONELL', '650.507.9844', '2007-06-21', 'SH_CLERK', 2600.00, 0.00, 124, 50),
--('Douglas', 'Grant', 'DGRANT', '650.507.9844', '2008-01-13', 'SH_CLERK', 2600.00, 0.00, 124, 50),
--('Jennifer', 'Whalen', 'JWHALEN', '515.123.4444', '2003-09-17', 'AD_ASST', 4400.00, 0.00, 101, 10),
--('Michael', 'Hartstein', 'MHARTSTE', '515.123.5555', '2004-02-17', 'MK_MAN', 13000.00, 0.00, 100, 20),
--('Pat', 'Fay', 'PFAY', '603.123.6666', '2005-08-17', 'MK_REP', 6000.00, 0.00, 201, 20),
--('Susan', 'Mavris', 'SMAVRIS', '515.123.7777', '2002-06-07', 'HR_REP', 6500.00, 0.00, 101, 40),
--('Hermann', 'Baer', 'HBAER', '515.123.8888', '2002-06-07', 'PR_REP', 10000.00, 0.00, 101, 70),
--('Shelley', 'Higgins', 'SHIGGINS', '515.123.8080', '2002-06-07', 'AC_MGR', 12008.00, 0.00, 101, 110),
--('William', 'Gietz', 'WGIETZ', '515.123.8181', '2002-06-07', 'AC_ACCOUNT', 8300.00, 0.00, 205, 110)

--select * from employees
----------------------------------------------------------------------------------------------------------------

--create table departments (
--department_id int identity(10,10),
--department_name varchar(30),
--manager_id int,
--location_id int
--)

--insert into departments values
--('Administration', 200, 1700),
--('Marketing', 201, 1800),
--('Purchasing', 114, 1700),
--('Human Resources', 203, 2400),
--('Shipping', 121, 1500),
--('IT', 103, 1400),
--('Public Relations', 204, 2700),
--('Sales', 145, 2500),
--('Executive', 100,1700),
--('Finance', 108, 1700),
--('Accounting', 205, 1700),
--('Treasury', 0, 1700),
--('Corporate Tax', 0, 1700),
--('Control And Credit', 0, 1700),
--('Shareholder Services', 0, 1700),
--('Benefits', 0, 1700),
--('Manufacturing', 0, 1700),
--('Construction', 0, 1700),
--('Contracting', 0, 1700),
--('Operations', 0, 1700),
--('IT Support', 0, 1700),
--('NOC', 0, 1700),
--('IT Helpdesk', 0, 1700),
--('Goverment Sales', 0, 1700),
--('Retail sales', 0, 1700),
--('Recruiting', 0, 1700),
--('Payroll', 0, 1700)

--select * from departments
---------------------------------------------------------------------------------------

--create table locations (
--location_id int identity(1000,100),
--street_address varchar(40),
--postal_code int,
--city varchar(30),
--state_province varchar(30),
--country_id varchar(4)
--)
--alter table locations
--alter column postal_code varchar(20)

--insert into locations values 
--('1297 Via Cola di Rie', '989', 'Roma', NULL, 'IT'),
--('93091 Calle della Testa', '10934', 'Venice', NULL, 'IT'),
--('2017 Shinjuku-ku', '1689', 'Tokyo', 'Tokyo Prefecture', 'JP'),
--('9450 Kamiya-cho', '6823', 'Hiroshima', NULL, 'JP'),
--('2014 Jabberwocky Rd', '26192', 'Southlake', 'Texas', 'US'),
--('2011 Interiors Blvd', '99236', 'South San Francisco', 'California', 'US'),
--('2007 Zagora St', '50090', 'South Brunswick', 'New Jersey', 'US'),
--('2004 Charade Rd', '98199', 'Seattle', 'Washington', 'US'),
--('147 Spadina Ave', 'M5V 2L7', 'Toronto', 'Ontario', 'CA'),
--('6092 Boxwood St', 'YSW 9T2', 'Whitehorse', 'Yukon', 'CA'),
--('40-5-12 Laogianggen', '190518', 'Beijing', NULL, 'CN'),
--('1298 Vileparle (E)', '490231', 'BOMBAY', 'Maharashtra', 'IN'),
--('12-98 Victoria Street', '2901', 'Sydney', 'New South Wales', 'AU'),
--('198 Clementi North', '540198', 'Singapore', NULL, 'SG'),
--('8204 Arthur St', NULL, 'London', NULL, 'UK'),
--('Magdalen Centre, The Oxford Science Park', 'OX9 9ZB', 'Oxford', 'Oxford', 'UK'),
--('9702 Chester Road', '9629850293', 'Stretford', 'Manchester', 'UK'),
--('Schwanthalerstr. 7031', '80925', 'Munich', 'Bavaria', 'DE'),
--('Rua Frei Caneca 1360', '01307-002', 'Sao Paulo', 'Sao Paulo', 'BR'),
--('20 Rue des Corps-Saints', '1730', 'Geneva', 'Geneva', 'CH'),
--('Murtenstrasse 921', '3095', 'Bern', 'BE', 'CH'),
--('Pieter Breughelstraat', '3029SK', 'Utrecht', 'Utrecht', 'NL'),
--('Mariano Escobedo 9991', '11932', 'Mexico City', 'Distrito Federal', 'MX')

--select * from locations
------------------------------------------------------------------------------------------------------

--create table jobs (
--    job_id varchar(20),
--    job_title varchar(40),
--    min_salary int,
--    max_salary int
--)
--insert into jobs values 
--    ('AD_PRES', 'President', 20000, 40000),
--	('AD_VP', 'Administration Vice President', 15000, 30000),
--	('AD_ASST', 'Administration Assistant', 3000, 6000),
--	('FI_MGR', 'Finance Manager', 8200, 16000),
--	('FI_ACCOUNT', 'Accountant', 4200, 9000),
--	('AC_MGR', 'Accounting Manager', 8200, 16000),
--	('AC_ACCOUNT', 'Public Accountant', 4200, 9000),
--	('SA_MAN', 'Sales Manager', 10000, 20000),
--	('SA_REP', 'Sales Representative', 6000, 12000),
--	('PU_MAN', 'Purchasing Manager', 8000, 15000),
--	('PU_CLERK', 'Purchasing Clerk', 2500, 5500),
--	('ST_MAN', 'Stock Manager', 5500, 8500),
--	('ST_CLERK', 'Stock Clerk', 2000, 5000),
--	('SH_CLERK', 'Shipping Clerk', 2500, 5500),
--	('IT_PROG', 'Programmer', 4000, 10000),
--	('MK_MAN', 'Marketing Manager', 9000, 15000),
--	('MK_REP', 'Marketing Representative', 4000, 9000),
--	('HR_REP', 'Human Resources Representative', 4000, 9000),
--	('PR_REP', 'Public Relations Representative', 4500, 10500)

--select * from jobs
--------------------------------------------------------------------------------------------

--create table job_history (
--employee_id int,
--start_date date,
--end_date date,
--job_id varchar(30),
--department_id int
--)

--insert into job_history values
--(102, '2001-01-13', '2006-07-24', 'IT_PROG', 60),
--(101, '1997-09-21', '2001-10-27', 'AC_ACCOUNT', 110),
--(101, '2001-10-28', '2005-03-15', 'AC_MGR', 110),
--(201, '2004-02-17', '2007-12-19', 'MK_REP', 20),
--(114, '2006-03-24', '2007-12-31', 'ST_CLERK', 50),
--(122, '2007-12-31', '2007-12-31', 'ST_CLERK', 50),
--(200, '1995-09-17', '2001-06-17', 'AD_ASST', 90),
--(176, '2006-03-24', '2006-12-31', 'SA_REP', 80),
--(176, '2007-01-01', '2007-12-31', 'SA_MAN', 80),
--(200, '2002-07-01', '2006-12-31', 'AC_ACCOUNT', 90)

--select * from job_history
-------------------------------------------------------------------------------------------------